snr,af_mmse_eq,pilot_mmse_eq,hybrid_nn
0,0.1462125,0.1567875,0.1573875
5,0.04200625,0.0436875,0.0428875
10,0.0015375,0.00183125,0.00250625
15,0.0,0.0,6.25e-06
20,0.0,0.0,0.0
