snr,pilot_eq,hybrid
0,0.66603125,0.602325
5,0.6658,0.52625
10,0.67954375,0.501825
15,0.69300625,0.5013375
20,0.71043125,0.50145
